﻿{"cameraMode":{"drawMode":0,"name":"Shaded","section":"Shading Mode"},"sceneLighting":true,"audioPlay":false,"sceneViewState":{"m_AlwaysRefresh":false,"showFog":true,"showSkybox":true,"showFlares":true,"showImageEffects":true,"showParticleSystems":true,"showVisualEffectGraphs":true,"m_FxEnabled":true},"in2DMode":false,"pivot":{"x":-7.5810041427612309,"y":-8.13802719116211,"z":13.521482467651368},"rotation":{"x":0.27194076776504519,"y":-0.1168646439909935,"z":0.03397524356842041,"w":0.9538154006004334},"size":28.378265380859376,"orthographic":false}